{
  "metrics": {
    "format_dev": {
      "path": "outputs/dagig_paper_main_v1/two_stage_metrics_rescored_v3/format_sft_two_stage_own_full_dev.json",
      "n": 98,
      "r1": 0.35714285714285715,
      "r3": 0.4897959183673469,
      "r5": 0.5204081632653061,
      "answer": 0.45918367346938777,
      "strict": 0.42857142857142855,
      "format": 1.0,
      "answer_in_query": 0.01020408163265306,
      "retrieval_miss": 47,
      "hit_answer_wrong": 9,
      "stage1_format_failure": 0,
      "reader_format_failure": 0
    },
    "format_test": {
      "path": "outputs/dagig_paper_main_v1/two_stage_metrics_rescored_v3/format_sft_two_stage_own_full_test.json",
      "n": 64,
      "r1": 0.3125,
      "r3": 0.4375,
      "r5": 0.46875,
      "answer": 0.34375,
      "strict": 0.34375,
      "format": 0.984375,
      "answer_in_query": 0.0,
      "retrieval_miss": 34,
      "hit_answer_wrong": 8,
      "stage1_format_failure": 0,
      "reader_format_failure": 1
    },
    "seed42_dev": {
      "path": "outputs/dagig_paper_main_v1/two_stage_metrics/paper_main_v1_two_stage_stage1loss_kl01_scale60_s320_ckpt60_dev.json",
      "n": 98,
      "r1": 0.3877551020408163,
      "r3": 0.5102040816326531,
      "r5": 0.5714285714285714,
      "answer": 0.5102040816326531,
      "strict": 0.4897959183673469,
      "format": 0.9897959183673469,
      "answer_in_query": 0.01020408163265306,
      "retrieval_miss": 42,
      "hit_answer_wrong": 8,
      "stage1_format_failure": 0,
      "reader_format_failure": 1
    },
    "seed42_test": {
      "path": "outputs/dagig_paper_main_v1/two_stage_metrics/paper_main_v1_two_stage_stage1loss_kl01_scale60_s320_ckpt60_test.json",
      "n": 64,
      "r1": 0.390625,
      "r3": 0.46875,
      "r5": 0.515625,
      "answer": 0.40625,
      "strict": 0.40625,
      "format": 0.96875,
      "answer_in_query": 0.0,
      "retrieval_miss": 31,
      "hit_answer_wrong": 7,
      "stage1_format_failure": 0,
      "reader_format_failure": 2
    },
    "seed43_dev": {
      "path": "outputs/dagig_paper_main_v1/two_stage_metrics/paper_main_v1_two_stage_stage1loss_kl01_scale60_s320_seed43_ckpt60_dev.json",
      "n": 98,
      "r1": 0.40816326530612246,
      "r3": 0.5306122448979592,
      "r5": 0.5816326530612245,
      "answer": 0.5102040816326531,
      "strict": 0.4897959183673469,
      "format": 0.9897959183673469,
      "answer_in_query": 0.01020408163265306,
      "retrieval_miss": 41,
      "hit_answer_wrong": 9,
      "stage1_format_failure": 0,
      "reader_format_failure": 1
    },
    "seed43_test": {
      "path": "outputs/dagig_paper_main_v1/two_stage_metrics/paper_main_v1_two_stage_stage1loss_kl01_scale60_s320_seed43_ckpt60_test.json",
      "n": 64,
      "r1": 0.390625,
      "r3": 0.46875,
      "r5": 0.5,
      "answer": 0.390625,
      "strict": 0.390625,
      "format": 0.984375,
      "answer_in_query": 0.0,
      "retrieval_miss": 32,
      "hit_answer_wrong": 7,
      "stage1_format_failure": 0,
      "reader_format_failure": 1
    },
    "goldfixed_dev": {
      "path": "outputs/dagig_paper_main_v1/two_stage_metrics/paper_main_v1_goldfixed_scale60_s320_ckpt60_dev.json",
      "n": 98,
      "r1": 0.3877551020408163,
      "r3": 0.5102040816326531,
      "r5": 0.5714285714285714,
      "answer": 0.5204081632653061,
      "strict": 0.5,
      "format": 1.0,
      "answer_in_query": 0.0,
      "retrieval_miss": 42,
      "hit_answer_wrong": 7,
      "stage1_format_failure": 0,
      "reader_format_failure": 0
    },
    "goldfixed_test": {
      "path": "outputs/dagig_paper_main_v1/two_stage_metrics/paper_main_v1_goldfixed_scale60_s320_ckpt60_test.json",
      "n": 64,
      "r1": 0.359375,
      "r3": 0.453125,
      "r5": 0.5,
      "answer": 0.390625,
      "strict": 0.390625,
      "format": 0.96875,
      "answer_in_query": 0.0,
      "retrieval_miss": 32,
      "hit_answer_wrong": 7,
      "stage1_format_failure": 0,
      "reader_format_failure": 2
    }
  },
  "comparisons": {
    "seed42_vs_format_dev": {
      "common": 98,
      "both_strict": 40,
      "method_only_strict": 8,
      "base_only_strict": 2,
      "both_fail_strict": 48,
      "method_retrieval_gain": 8,
      "method_retrieval_loss": 3,
      "same_retrieval": 87,
      "examples": {
        "method_only_strict": [
          "pix2fact_11b37c2b51",
          "pix2fact_15ebe54ae6",
          "pix2fact_522951e822",
          "pix2fact_594e68164a",
          "pix2fact_5f6604eb33"
        ],
        "base_only_strict": [
          "pix2fact_8c7e55f90b",
          "pix2fact_e354a6dae9"
        ],
        "method_retrieval_gain": [
          "pix2fact_11b37c2b51",
          "pix2fact_522951e822",
          "pix2fact_594e68164a",
          "pix2fact_5f6604eb33",
          "pix2fact_941815291f"
        ],
        "method_retrieval_loss": [
          "pix2fact_acf52e2cc7",
          "pix2fact_bc331ccd8f",
          "pix2fact_e354a6dae9"
        ]
      }
    },
    "seed42_vs_format_test": {
      "common": 64,
      "both_strict": 21,
      "method_only_strict": 5,
      "base_only_strict": 1,
      "both_fail_strict": 37,
      "method_retrieval_gain": 5,
      "method_retrieval_loss": 2,
      "same_retrieval": 57,
      "examples": {
        "method_only_strict": [
          "pix2fact_5a39bbb579",
          "pix2fact_9c906e4134",
          "pix2fact_e10ba14542",
          "pix2fact_fdc54e1cce",
          "pix2fact_ff9acfedb3"
        ],
        "base_only_strict": [
          "pix2fact_9ac94cba26"
        ],
        "method_retrieval_gain": [
          "pix2fact_5a39bbb579",
          "pix2fact_9c906e4134",
          "pix2fact_e10ba14542",
          "pix2fact_fdc54e1cce",
          "pix2fact_ff9acfedb3"
        ],
        "method_retrieval_loss": [
          "pix2fact_340dc14950",
          "pix2fact_9ac94cba26"
        ]
      }
    },
    "seed43_vs_format_dev": {
      "common": 98,
      "both_strict": 41,
      "method_only_strict": 7,
      "base_only_strict": 1,
      "both_fail_strict": 49,
      "method_retrieval_gain": 9,
      "method_retrieval_loss": 3,
      "same_retrieval": 86,
      "examples": {
        "method_only_strict": [
          "pix2fact_11b37c2b51",
          "pix2fact_15ebe54ae6",
          "pix2fact_522951e822",
          "pix2fact_594e68164a",
          "pix2fact_941815291f"
        ],
        "base_only_strict": [
          "pix2fact_e354a6dae9"
        ],
        "method_retrieval_gain": [
          "pix2fact_11b37c2b51",
          "pix2fact_522951e822",
          "pix2fact_594e68164a",
          "pix2fact_5f6604eb33",
          "pix2fact_8cac2e18bc"
        ],
        "method_retrieval_loss": [
          "pix2fact_acf52e2cc7",
          "pix2fact_bc331ccd8f",
          "pix2fact_e354a6dae9"
        ]
      }
    },
    "seed43_vs_format_test": {
      "common": 64,
      "both_strict": 20,
      "method_only_strict": 5,
      "base_only_strict": 2,
      "both_fail_strict": 37,
      "method_retrieval_gain": 5,
      "method_retrieval_loss": 3,
      "same_retrieval": 56,
      "examples": {
        "method_only_strict": [
          "pix2fact_5a39bbb579",
          "pix2fact_9c906e4134",
          "pix2fact_e10ba14542",
          "pix2fact_fdc54e1cce",
          "pix2fact_ff9acfedb3"
        ],
        "base_only_strict": [
          "pix2fact_947def5c9f",
          "pix2fact_9ac94cba26"
        ],
        "method_retrieval_gain": [
          "pix2fact_5a39bbb579",
          "pix2fact_9c906e4134",
          "pix2fact_e10ba14542",
          "pix2fact_fdc54e1cce",
          "pix2fact_ff9acfedb3"
        ],
        "method_retrieval_loss": [
          "pix2fact_340dc14950",
          "pix2fact_947def5c9f",
          "pix2fact_9ac94cba26"
        ]
      }
    },
    "goldfixed_vs_format_dev": {
      "common": 98,
      "both_strict": 41,
      "method_only_strict": 8,
      "base_only_strict": 1,
      "both_fail_strict": 48,
      "method_retrieval_gain": 8,
      "method_retrieval_loss": 3,